firstName,lastName,accountName,password,changePasswordNextLogin,accountEnabled
Allen,Klimpt,aklimpt0,mnHAAAJYpf!,false,false
Trudie,Fairclough,tfairclough1,k7y5GAAuGtqwL!,false,true
Ardella,Lovejoy,alovejoy2,FNAAWWI8H2g!,false,false
Haily,Best,hbest3,OOzpZVAAnplVPs!,false,true
Micki,Taylerson,mtaylerson4,T4pPAAJwQuDYTC!,true,true
Davy,Girardy,dgirardy5,q9qkAAzxIaIZ!,true,false
Valaree,Gaffon,vgaffon6,vC5mAAT4Q1l!,false,true
Theobald,Torrie,ttorrie7,TzZAAhFQ2Fg!,true,true
Karen,Lorimer,klorimer8,THxtAAxfeeScs!,false,true
Dell,Elvish,delvish9,D1AAwgaF0JF!,false,true
